INSERT INTO `jurors` (`user_id`, `contest_id`, `juror_id`) VALUES
	(12, 4, 1),
	(13, 4, 2),
	(12, 5, 3),
	(13, 5, 4),
	(12, 6, 5),
	(13, 6, 6),
	(12, 7, 7),
	(13, 7, 8),
	(13, 10, 9),
	(12, 10, 10);
	
INSERT INTO `photos` (`photo_id`, `title`, `story`, `image`, `author_id`) VALUES
	(1, 'Life in Motion', 'COVER PHOTO', 'photoUpload/Antoni/Life in Motion.jpg', 1),
	(2, 'Through the Lens', 'COVER PHOTO', 'photoUpload/Antoni/Through the Lens.jpg', 1),
	(3, 'Furry Friends', 'COVER PHOTO', 'photoUpload/Antoni/Furry Friends.jpg', 1),
	(4, 'Street Scenes', 'COVER PHOTO', 'photoUpload/Antoni/Street Scenes.jpg', 1),
	(5, 'Wanderlust', 'COVER PHOTO', 'photoUpload/Antoni/Wanderlust.jpg', 1),
	(6, 'Natural Wonders', 'COVER PHOTO', 'photoUpload/Antoni/Natural Wonders.jpg', 1),
	(7, 'Faces of the World', 'COVER PHOTO', 'photoUpload/Antoni/Faces of the World.jpg', 1),
	(8, 'Night Light', 'COVER PHOTO', 'photoUpload/Antoni/Night Light.jpg', 1),
	(9, 'Black and White Beauty', 'COVER PHOTO', 'photoUpload/Antoni/Black and White Beauty.jpg', 1),
	(10, 'Rocky Backpacker', 'Backpacker in a rocky mountain.', 'photoUpload/Biser/Rocky Backpacker.jpg', 2),
	(11, 'Desert Woman', 'Woman in desert.', 'photoUpload/Biser/Desert Woman.jpg', 2),
	(12, 'Desert Ravine', 'Man in the backdrop of a desert ravine', 'photoUpload/Biser/Desert Ravine.jpg', 2),
	(13, 'Sportcar driving', 'A backlit photo of a sportcar.', 'photoUpload/Biser/Sportcar driving.jpg', 2),
	(14, 'Porsche Monochrome', 'A monochrome photo of a Porsche sportcar with only orange highlights.', 'photoUpload/Victor/Porsche Monochrome.jpg', 3),
	(15, 'Depth of Field', 'A photo of a woman with the bokeh effect.', 'photoUpload/Victor/Depth of Field.jpg', 3),
	(16, 'Urban Beauty', 'Photo of a urban beauty with street clothes.', 'photoUpload/Victor/Urban Beauty.jpg', 3),
	(17, 'Cyclist in motion', 'Photo of cyclists during \'Tour de France\'.', 'photoUpload/sportsfanatic12/Cyclist in motion.jpg', 4),
	(18, 'Gym Babe', 'Photo of a gym babe lifting weights.', 'photoUpload/sportsfanatic12/Gym Babe.jpg', 4),
	(19, 'Wannabe', 'A photo of a Michael Phelps wannabe.', 'photoUpload/sportsfanatic12/Wannabe.jpg', 4),
	(20, 'Beach volley', 'A picture of a man spiking the ball in beach volleyball.', 'photoUpload/sportsfanatic12/Beach volley.jpg', 4),
	(21, 'Strong mister', 'A photo of a man before he lifts weights.', 'photoUpload/sportsfanatic12/Strong mister.jpg', 4),
	(22, 'Golfmeister', 'I took this photo when I went golfing with friends.', 'photoUpload/sportsfanatic12/Golfmeister.jpg', 4),
	(23, 'The Team', 'My child\'s football team.', 'photoUpload/sportsfanatic12/The Team.jpg', 4),
	(24, 'Paint splash', 'Paint smudge I did while painting a picture.', 'photoUpload/creative_soul/Paint splash.jpg', 5),
	(25, 'Colorful Hands', 'My hands after painting.', 'photoUpload/creative_soul/Colorful Hands.jpg', 5),
	(26, 'Urban Creative', 'A photo I took when exploring the city.', 'photoUpload/creative_soul/Urban Creative.jpg', 5),
	(27, 'Landscape Portrait', 'A portrait in a landscape.', 'photoUpload/creative_soul/Landscape Portrait.jpg', 5),
	(28, 'Beginner Painter', 'My girlfriend painting.', 'photoUpload/creative_soul/Beginner Painter.jpg', 5),
	(29, 'Umbrella City', 'Umbrellas in the skyline of a city.', 'photoUpload/creative_soul/Umbrella City.jpg', 5),
	(30, 'Distracted', 'My cousin in my workshop.', 'photoUpload/creative_soul/Distracted.jpg', 5),
	(31, 'Darklit', 'My laptop in the pitch black.', 'photoUpload/technerd88/Darklit.jpg', 6),
	(32, 'Light Show', 'A light show I attended.', 'photoUpload/technerd88/Light Show.jpg', 6),
	(33, 'Micro', 'The microchip of my laptop.', 'photoUpload/technerd88/Micro.jpg', 6),
	(34, 'Server Admin', 'A photo of the server admin next to the server itself.', 'photoUpload/technerd88/Server Admin.jpg', 6),
	(35, 'Phone Accent', 'A photo of my arms while working on my phone.', 'photoUpload/technerd88/Phone Accent.jpg', 6),
	(36, 'Open Knowledge', 'A photo of a book opening in motion.', 'photoUpload/bookworm101/Open Knowledge.jpg', 7),
	(37, 'Lounging', 'Lounging and reading.', 'photoUpload/bookworm101/Lounging.jpg', 7),
	(38, 'JustReading', '#I\'mJustReading', 'photoUpload/bookworm101/JustReading.jpg', 7),
	(39, 'The Book in Light', 'A photo of my book during the sunset. #Cool', 'photoUpload/bookworm101/The Book in Light.jpg', 7),
	(40, 'From Little', '#MySon #Proud #ProudMom', 'photoUpload/bookworm101/From Little.jpg', 7),
	(41, 'Just Hanging', '#Creative #Spiderman #Marvel', 'photoUpload/bookworm101/Just Hanging.jpg', 7),
	(42, 'AfterWork', '#Afterwork #Relax #Chill', 'photoUpload/bookworm101/AfterWork.jpg', 7),
	(43, 'Just Laughing', 'Working out and having fun.', 'photoUpload/fitnessguru/Just Laughing.jpg', 8),
	(44, 'Push It', 'Me doing crunches.', 'photoUpload/fitnessguru/Push It.jpg', 8),
	(45, 'The Yoga Pose', 'A photo I took during my yoga classes.', 'photoUpload/fitnessguru/The Yoga Pose.jpg', 8),
	(46, 'Beast Mode', '#BeastMode', 'photoUpload/fitnessguru/Beast Mode.jpg', 8),
	(47, 'Push It Girl', 'My friend working out. #Goals', 'photoUpload/fitnessguru/Push It Girl.jpg', 8),
	(48, 'Empty', 'My fitness when it\'s empty. #lonely', 'photoUpload/fitnessguru/Empty.jpg', 8),
	(49, 'DJWORK', '#Spinnin', 'photoUpload/musiclover22/DJWORK.jpg', 9),
	(50, 'Singing', 'During my favourite concert.', 'photoUpload/musiclover22/Singing.jpg', 9),
	(51, 'Music Mess', 'My studio desk after I\'m done.', 'photoUpload/musiclover22/Music Mess.jpg', 9),
	(52, 'Chillin', 'Just me chilling with an old one.', 'photoUpload/musiclover22/Chillin.jpg', 9),
	(53, 'Sunset Music', 'Real music from the heart.', 'photoUpload/musiclover22/Sunset Music.jpg', 9),
	(54, 'Dusty Band', 'My old dusty band garage.', 'photoUpload/musiclover22/Dusty Band.jpg', 9),
	(55, 'LoveHands', 'My fans <3', 'photoUpload/musiclover22/LoveHands.jpg', 9),
	(56, 'Just There', 'My music album is just there!', 'photoUpload/musiclover22/Just There.jpg', 9),
	(57, 'Hands Up', 'Hands where I can see them!', 'photoUpload/gamerzone7/Hands Up.jpg', 10),
	(58, 'Levitation', 'Can you do this?', 'photoUpload/gamerzone7/Levitation.jpg', 10),
	(59, 'Peace', 'What I need to be at my best.', 'photoUpload/gamerzone7/Peace.jpg', 10),
	(60, 'TeamBooth', 'When I went to a tournament we had this booth.', 'photoUpload/gamerzone7/TeamBooth.jpg', 10),
	(61, 'New School Travel', '#JustTheBest', 'photoUpload/travelholic99/New School Travel.jpg', 11),
	(62, 'Looking', '#Waiting #Travelling #Airport', 'photoUpload/travelholic99/Looking.jpg', 11),
	(63, 'I\'m on a Boat mf', '#Lagoon #Norway #Natue', 'photoUpload/travelholic99/I\'m on a Boat mf.jpg', 11),
	(64, 'LiveLaughLove', '#Squad #Goals #Fun #LiveLaughLove', 'photoUpload/travelholic99/LiveLaughLove.jpg', 11),
	(65, 'Present Vagabond', '#Suitcase #NewAgeHobo #Travelling #Vagabond', 'photoUpload/travelholic99/Present Vagabond.jpg', 11),
	(66, 'Choochoo', '#Choochoo #Trains #Travel', 'photoUpload/travelholic99/Choochoo.jpg', 11),
	(67, 'Gear', '#Ready #Gear #MyStuff', 'photoUpload/travelholic99/Gear.jpg', 11),
	(68, 'Cliff Fall', '#Scary #BigFall #Exciting #Travel', 'photoUpload/travelholic99/Cliff Fall.jpg', 11),
	(69, 'Boat City', '#Venice #Canoes #City #River', 'photoUpload/travelholic99/Boat City.jpg', 11),
	(70, 'New Buddies', 'My new travel buddies #Friends #Camel #lol', 'photoUpload/travelholic99/New Buddies.jpg', 11),
	(71, 'Serbian Food', 'My serbian adventure!', 'photoUpload/foodiegirl/Serbian Food.jpg', 12),
	(72, 'Confectionery', 'A french patissiere made this for me <3', 'photoUpload/foodiegirl/Confectionery.jpg', 12),
	(73, 'HUH Hamster', 'Caught my hamsters eating.', 'photoUpload/foodiegirl/HUH Hamster.jpg', 12),
	(74, 'God Foodstall', 'A foodstall in Asia. Food was amazing.', 'photoUpload/foodiegirl/God Foodstall.jpg', 12),
	(75, 'Near Sea', 'The breakfast I had on the quay.', 'photoUpload/foodiegirl/Near Sea.jpg', 12),
	(76, 'Family', 'My friend\'s family <3.', 'photoUpload/foodiegirl/Family.jpg', 12),
	(77, 'Bread', 'So much bread wow.', 'photoUpload/foodiegirl/Bread.jpg', 12),
	(78, 'Scaly Friend', 'New friend I met.', 'photoUpload/naturelover77/Scaly Friend.jpg', 13),
	(79, 'Almost Desert Dunes', 'Travelling the desert.', 'photoUpload/naturelover77/Almost Desert Dunes.jpg', 13),
	(80, 'Cutie Bird', 'A feathered friend.', 'photoUpload/naturelover77/Cutie Bird.jpg', 13),
	(81, 'Dogwolf', 'White dog in the fjords.', 'photoUpload/naturelover77/Dogwolf.jpg', 13),
	(82, 'Hunting', 'Dog with the depth of field effect.', 'photoUpload/naturelover77/Hunting.jpg', 13),
	(83, 'Fetch Boy', 'Playing fetch with the dog.', 'photoUpload/naturelover77/Fetch Boy.jpg', 13),
	(84, 'Familiar Forest', 'The Forest was inspired from this forest in particular.', 'photoUpload/naturelover77/Familiar Forest.jpg', 13),
	(85, 'Andes Sheep', 'Andes mountains.', 'photoUpload/naturelover77/Andes Sheep.jpg', 13),
	(86, 'Lonely Island', 'A clear beach in a island resort.', 'photoUpload/naturelover77/Lonely Island.jpg', 13);
	
INSERT INTO `photos_contests` (`photo_contest_id`, `contest_id`, `photo_id`, `result`) VALUES
	(1, 1, 17, 13),
	(2, 8, 20, 14),
	(3, 2, 22, 14),
	(4, 2, 27, 21),
	(5, 4, 29, 0),
	(6, 8, 26, 14),
	(7, 7, 28, 0),
	(8, 8, 32, 14),
	(9, 8, 40, 14),
	(10, 1, 44, 21),
	(11, 8, 53, 14),
	(12, 7, 56, 0),
	(13, 7, 57, 0),
	(14, 8, 59, 14),
	(15, 5, 61, 0),
	(16, 6, 63, 0),
	(17, 4, 69, 0),
	(18, 3, 70, 14),
	(19, 2, 68, 14),
	(20, 10, 71, 0),
	(21, 3, 73, 14),
	(22, 4, 74, 0),
	(23, 8, 77, 14),
	(24, 2, 79, 14),
	(25, 3, 81, 14),
	(26, 6, 84, 0),
	(27, 5, 82, 0),
	(28, 1, 80, -4);
	
INSERT INTO `profile_pictures` (`profile_picture_id`, `title`, `image`, `user_id`, `is_active`) VALUES
	(1, 'duck', 'photoUpload/Antoni/profilePictures/duck.jpg', 1, 1),
	(2, 'boxhead', 'photoUpload/Antoni/profilePictures/boxhead.jpg', 1, 0),
	(3, 'lizard-king', 'photoUpload/Biser/profilePictures/lizard-king.jpg', 2, 1),
	(4, 'monkey', 'photoUpload/Victor/profilePictures/monkey.jpg', 3, 1),
	(5, 'myphoto', 'photoUpload/sportsfanatic12/profilePictures/myphoto.jpg', 4, 1),
	(6, 'emily-profile', 'photoUpload/creative_soul/profilePictures/emily-profile.jpg', 5, 1),
	(7, 'gasmask', 'photoUpload/technerd88/profilePictures/gasmask.jpg', 6, 1),
	(8, 'with-beard', 'photoUpload/fitnessguru/profilePictures/with-beard.jpg', 8, 1),
	(9, 'red-bricks', 'photoUpload/musiclover22/profilePictures/red-bricks.jpg', 9, 1),
	(10, 'my-dog', 'photoUpload/gamerzone7/profilePictures/my-dog.jpg', 10, 1),
	(11, 'succulent', 'photoUpload/travelholic99/profilePictures/succulent.jpg', 11, 1),
	(12, 'kebabb', 'photoUpload/foodiegirl/profilePictures/kebabb.jpg', 12, 1),
	(13, 'selfiee', 'photoUpload/naturelover77/profilePictures/selfiee.jpg', 13, 1),
	(14, 'pretty', 'photoUpload/bookworm101/profilePictures/pretty.jpg', 7, 1);
	
INSERT INTO `scores` (`score_id`, `points`, `juror_id`, `comment`, `photo_id`, `contest_id`) VALUES
	(1, 1, 1, 'Wrong category!', 80, 1),
	(2, 9, 1, 'Very nice!', 17, 1),
	(3, 10, 1, 'Excellent!', 44, 1),
	(4, 10, 1, 'Excellent!', 68, 2),
	(5, 10, 1, 'Excellent!', 22, 2),
	(6, 10, 1, 'Excellent!', 27, 2),
	(7, 10, 1, 'Excellent!', 79, 2),
	(8, 10, 1, 'Excellent!', 81, 3),
	(9, 10, 1, 'Excellent!', 70, 3),
	(10, 10, 1, 'Excellent!', 73, 3),
	(11, 10, 1, 'Excellent!', 20, 8),
	(12, 10, 1, 'Excellent!', 53, 8),
	(13, 10, 1, 'Excellent!', 40, 8),
	(14, 10, 1, 'Excellent!', 26, 8),
	(15, 10, 1, 'Excellent!', 59, 8),
	(16, 10, 1, 'Excellent!', 77, 8),
	(17, 10, 1, 'Excellent!', 32, 8),
	(18, 10, 2, 'Excellent!', 17, 1),
	(19, 10, 2, 'Excellent!', 44, 1),
	(20, 10, 2, 'Excellent!', 44, 1),
	(21, 1, 2, 'Wrong!', 80, 1),
	(22, 10, 2, 'Excellent!', 68, 2),
	(23, 10, 2, 'Excellent!', 22, 2),
	(24, 10, 2, 'Excellent!', 27, 2),
	(25, 10, 2, 'Excellent!', 27, 2),
	(26, 10, 2, 'Excellent!', 79, 2),
	(27, 10, 2, 'Excellent!', 81, 3),
	(28, 10, 2, 'Excellent!', 70, 3),
	(29, 10, 2, 'Excellent!', 73, 3),
	(30, 10, 2, 'Excellent!', 20, 8),
	(31, 10, 2, 'Excellent!', 53, 8),
	(32, 10, 2, 'Excellent!', 40, 8),
	(33, 10, 2, 'Excellent!', 26, 8),
	(34, 10, 2, 'Excellent!', 59, 8),
	(35, 10, 2, 'Excellent!', 77, 8),
	(36, 10, 2, 'Excellent!', 32, 8);
